title,author,length
The Movie of Me to the Movie of We,Raghu Markus,10 hrs and 36 mins
Reason to Believe,Rebecca Yarros,12 hrs and 54 mins
The House of Love and Death,Andrew Klavan,10 hrs and 25 mins
Twisted Obsession,S. Massery,9 hrs and 23 mins
Great Awakening,Alex Jones,12 hrs and 48 mins
The Warrior's Rune,Jared Ellis,6 hrs and 38 mins
The Wrong Wife,Maya Alden,8 hrs and 38 mins
Ecstasy Claimed,Setta Jay,8 hrs and 31 mins
Elizabeth Bennet’s Inheritance,Laraba Kendig,10 hrs and 44 mins
Red Sky Mourning,Jack Carr,15 hrs and 30 mins
The Proof of the Pudding,Rhys Bowen,Not Yet Known
Cruelest Vow,Piper Stone,9 hrs and 18 mins
Paid in Full,Brea Alepoú,10 hrs and 59 mins
Lucien,Grae Bryan,7 hrs and 51 mins
Crystal World,B.V. Larson,14 hrs and 26 mins
Sweet Sin,Helen Hardt,6 hrs and 19 mins
Exploring Home,A. American,11 hrs and 59 mins
Iron Flame,Rebecca Yarros,28 hrs and 16 mins
The Lone Wolf's Rejected Mate,Cate C. Wells,9 hrs and 16 mins
The Titan of Baleros,pirateaba,40 hrs and 55 mins
A Fire in the Flesh,Jennifer L. Armentrout,24 hrs and 3 mins
Mark of the Fool 4,J.M. Clarke,19 hrs and 45 mins
Only in Death,Dan Abnett,11 hrs and 28 mins
King Arthur and Her Knights: The Complete Series: Books 1-7,K. M. Shea,26 hrs and 52 mins
Fire and Song,Bryce O'Connor,32 hrs and 38 mins
The Face in the Water,Gregory Ashe,9 hrs and 12 mins
Preceptor,Terry Mancour,22 hrs and 13 mins
Fourth Wing (Part 1 of 2) (Dramatized Adaptation),Rebecca Yarros,8 hrs
House of Flame and Shadow,Sarah J. Maas,Not Yet Known
"Tales from the Gas Station, Volume Four",Jack Townsend,14 hrs and 41 mins
The Great Disappearance,Dr. David Jeremiah,6 hrs and 25 mins
Think Twice,Harlan Coben,10 hrs
Genefather,Guy Haley,10 hrs and 14 mins
Super Sales on Super Heroes 6,William D. Arand,12 hrs and 35 mins
System Collapse,Martha Wells,6 hrs and 36 mins
My Name Is Barbra,Barbra Streisand,47 hrs
The Chaos Agent,Mark Greaney,Not Yet Known
Aftermath,Craig Alanson,21 hrs and 6 mins
Know What Matters,Ron Shaich,8 hrs and 30 mins
Show Off,Lani Lynn Vale,5 hrs and 42 mins
The Edge,David Baldacci,11 hrs and 45 mins
The Miracle Morning (Updated and Expanded Edition),Hal Elrod,7 hrs and 30 mins
Somewhere Beyond the Sea,TJ Klune,12 hrs
The Wuhan Cover-Up,Robert F. Kennedy Jr.,15 hrs and 50 mins
Inheritance,Nora Roberts,13 hrs and 51 mins
Outbound Flight,Timothy Zahn,14 hrs
Dungeon Diving 103,Bruce Sentar,12 hrs and 57 mins
With This Woman,Jodi Ellen Malpas,23 hrs and 53 mins
Survivor's Quest,Timothy Zahn,14 hrs
The Eye of the Bedlam Bride,Matt Dinniman,26 hrs and 46 mins
The Narrow Road Between Desires,Patrick Rothfuss,8 hrs
Murtagh,Christopher Paolini,24 hrs and 32 mins
The Laws of Human Nature,Robert Greene,28 hrs and 26 mins
The Olympian Affair,Jim Butcher,20 hrs and 23 mins
A Clash of Kings,George R.R. Martin,37 hrs and 12 mins
Slayers: A Buffyverse Story,Christopher Golden,8 hrs and 2 mins
Things We Left Behind,Lucy Score,19 hrs and 14 mins
Pine River,Tijan,13 hrs and 44 mins
The Fellowship of the Ring,J. R. R. Tolkien,22 hrs and 38 mins
Camino Ghosts,John Grisham,9 hrs
Going Infinite,Michael Lewis,8 hrs and 56 mins
Being Henry,Henry Winkler,9 hrs and 22 mins
"Harry Potter and the Chamber of Secrets, Book 2",J.K. Rowling,9 hrs and 2 mins
Seraph,Lily Mayne,17 hrs and 50 mins
How to Be the Love You Seek,Dr. Nicole LePera,10 hrs
Choose Your Enemies Wisely,Patrick Bet-David,11 hrs
Sable Peak,Devney Perry,9 hrs and 43 mins
A Court of Wings and Ruin,Sarah J. Maas,25 hrs and 9 mins
Madame,Sara Cate,12 hrs and 5 mins
The Sky People,Ali Spooner,6 hrs and 1 min
"Apocalypse Redux, Book Four",Jakob H. Greif,15 hrs and 59 mins
The Complete Sinful Men Collection,Lauren Blakely,36 hrs and 38 mins
Dirty Thirty,Janet Evanovich,8 hrs and 2 mins
Understanding Type 2 Diabetes,Dr. Ashley Sullivan PharmD,3 hrs and 58 mins
Dragonfly in Amber,Diana Gabaldon,38 hrs and 54 mins
The House of Hidden Meanings,RuPaul,12 hrs
Song of Darkness,J.N. Chaney,10 hrs and 42 mins
A Storm of Swords,George R.R. Martin,47 hrs and 34 mins
Resurrection Walk,Michael Connelly,10 hrs and 30 mins
Too Good to Be True,Kristen Ashley,11 hrs and 59 mins
Areté,Brian Johnson,28 hrs
He Who Fights with Monsters 10,Shirtaloon,20 hrs
Hendo,Dan Henderson,10 hrs
The Innocent Sleep,Seanan McGuire,15 hrs and 18 mins
The Right Move,Liz Tomforde,14 hrs and 19 mins
Torrent Witches Cozy Mysteries Complete Box Set: Books 1-10,Tess Lake,65 hrs and 31 mins
Butcher & Blackbird,Brynne Weaver,8 hrs and 43 mins
Sherlock Holmes,Arthur Conan Doyle,62 hrs and 52 mins
Butterfly 5,Ashley Antoinette,12 hrs and 19 mins
Lord of Chaos,Robert Jordan,41 hrs and 32 mins
"Harry Potter and the Sorcerer's Stone, Book 1",J.K. Rowling,8 hrs and 18 mins
The Great Hunt,Robert Jordan,26 hrs and 34 mins
The Broken Vows,Catharina Maura,15 hrs and 45 mins
"Harry Potter and the Half-Blood Prince, Book 6",J.K. Rowling,18 hrs and 32 mins
"Harry Potter and the Deathly Hallows, Book 7",J.K. Rowling,21 hrs and 36 mins
Surrender,A.K. Evans,6 hrs and 51 mins
Blood on Their Hands,Mandy Matney,10 hrs
The Dragon Shifter's Mates Boxed Set Books 1-4,Eva Chase,23 hrs and 32 mins
Monster Hunter Memoirs: Fever,Larry Correia,12 hrs and 13 mins
"Harry Potter and the Order of the Phoenix, Book 5",J.K. Rowling,26 hrs and 28 mins
Trials of Cydaria,SunriseCV,13 hrs and 16 mins
Empire of Storms,Sarah J. Maas,25 hrs and 18 mins
Tenacity,Dakota Krout,11 hrs and 42 mins
Light Bringer,Pierce Brown,30 hrs and 8 mins
Obsession Falls,Claire Kingsley,9 hrs and 38 mins
Queen of Shadows,Sarah J. Maas,20 hrs and 43 mins
A Mage's Guide to Wicky,AJ Sherwood,3 hrs and 16 mins
All the Little Raindrops,Mia Sheridan,13 hrs and 51 mins
[Psychokinetic] Eyeball Pulling,FreeID,22 hrs and 3 mins
Shadows of You,Catherine Cowles,10 hrs
Born of Blood and Ash,Jennifer L. Armentrout,24 hrs
The Polygamist’s Daughter,Anna LeBaron,8 hrs and 54 mins
Outlive,Peter Attia MD,17 hrs and 7 mins
"Harry Potter and the Prisoner of Azkaban, Book 3",J.K. Rowling,11 hrs and 49 mins
Brisingr,Christopher Paolini,29 hrs and 34 mins
Random in Death,J. D. Robb,10 hrs and 45 mins
Morning Star,Pierce Brown,21 hrs and 50 mins
Prequel,Rachel Maddow,13 hrs and 9 mins
The Gossip and the Grump,Pippa Grant,11 hrs and 12 mins
A Court of Silver Flames,Sarah J. Maas,26 hrs and 5 mins
Kombucha Curious,Duff McDonald,2 hrs and 47 mins
The Case of the Felonious Faire,Drew Hayes,7 hrs and 46 mins
Ignition,Seth Ring,14 hrs
The Way of Kings,Brandon Sanderson,45 hrs and 30 mins
Crown of Midnight,Sarah J. Maas,12 hrs and 43 mins
Heir of Fire,Sarah J. Maas,17 hrs and 56 mins
Duty,Michael Stephen Fuchs,8 hrs and 25 mins
The Secret,Lee Child,9 hrs and 14 mins
Rise of the Weakest Summoner: Volume VII,J.R. Saileri,19 hrs and 1 min
Kingdom of Ash,Sarah J. Maas,33 hrs and 11 mins
Hello Heartbreaker,Kelsie Hoss,9 hrs and 28 mins
Timeless,Travis Bagwell,27 hrs and 32 mins
The Union Street Bakery,Mary Ellen Taylor,11 hrs and 37 mins
Remarkably Bright Creatures,Shelby Van Pelt,11 hrs and 16 mins
Captured,Rosa Lee,15 hrs and 3 mins
"Harry Potter and the Goblet of Fire, Book 4",J.K. Rowling,20 hrs and 36 mins
Slay,Laurell K. Hamilton,12 hrs and 35 mins
A Court of Thorns and Roses,Sarah J. Maas,16 hrs and 7 mins
The Armor of Light,Ken Follett,21 hrs and 39 mins
House of Earth and Blood,Sarah J. Maas,27 hrs and 50 mins
He Who Fights with Monsters: A LitRPG Adventure,Shirtaloon,28 hrs and 56 mins
House of Sky and Breath,Sarah J. Maas,27 hrs and 42 mins
Forgot to Say Goodbye,S.L. Scott,12 hrs and 36 mins
The Well of Ascension,Brandon Sanderson,28 hrs and 56 mins
"Overlord, Vol. 11 (Light Novel)",Kugane Maruyama,10 hrs
The Ghost of Marlow House,Bobbi Holmes,9 hrs and 11 mins
The Wise Man's Fear,Patrick Rothfuss,42 hrs and 55 mins
The Fires of Heaven,Robert Jordan,36 hrs and 27 mins
It's Not You,Ramani Durvasula PhD,12 hrs
Hell Divers XI: Renegades,Nicholas Sansbury Smith,14 hrs
One Chance,Lena Hendrix,8 hrs and 54 mins
A Court of Mist and Fury,Sarah J. Maas,23 hrs and 16 mins
Move Fast and Fix Things,Anne Morriss,5 hrs and 17 mins
Never Finished,David Goggins,11 hrs and 6 mins
Worthy,Jada Pinkett Smith,14 hrs and 57 mins
An Accidental Death,Peter Grainger,6 hrs and 52 mins
The Oregon Trail,Francis Parkman,6 hrs and 6 mins
Oathbringer,Brandon Sanderson,55 hrs and 5 mins
The Chronicles of Narnia Complete Audio Collection,C. S. Lewis,33 hrs and 45 mins
Journey to the Center of the Earth: A Signature Performance by Tim Curry,Jules Verne,8 hrs and 20 mins
A Court of Silver Flames (2 of 2) (Dramatized Adaptation),Sarah J. Maas,10 hrs and 33 mins
Tower of Dawn,Sarah J. Maas,22 hrs and 39 mins
The Shadow Rising,Robert Jordan,41 hrs and 13 mins
Retribution,TurtleMe,25 hrs and 25 mins
He Who Fights with Monsters 9,Shirtaloon,28 hrs and 3 mins
The Italian,T L Swan,16 hrs and 52 mins
The Republic of Pirates,Colin Woodard,13 hrs and 26 mins
Trapper Road,Rachel Caine,13 hrs and 2 mins
Go Tell the Bees That I Am Gone,Diana Gabaldon,49 hrs and 27 mins
American Girl,Wendy Walker,8 hrs and 39 mins
Pathfinders,JL Collins,9 hrs and 10 mins
Pride and Prejudice,Jane Austen,11 hrs and 35 mins
The Exchange,John Grisham,9 hrs and 1 min
The Fellowship of the Ring,J. R. R. Tolkien,19 hrs and 7 mins
He Who Fights with Monsters 8,Shirtaloon,18 hrs and 12 mins
Rhythm of War,Brandon Sanderson,57 hrs and 26 mins
Bright Young Women,Jessica Knoll,12 hrs and 58 mins
Be Useful,Arnold Schwarzenegger,6 hrs and 19 mins
The Running Grave,Robert Galbraith,34 hrs and 14 mins
The Amityville Horror,Jay Anson,6 hrs and 28 mins
Percy Jackson and the Olympians: The Chalice of the Gods,Rick Riordan,7 hrs and 5 mins
Vault,Nicoli Gonnella,25 hrs and 34 mins
Face-Off: Shadows Landing,Kathleen Brooks,7 hrs and 26 mins
The Women,Kristin Hannah,15 hrs
The Stand,Stephen King,47 hrs and 47 mins
Fell for the Wrong One,Tay Mo'Nae,11 hrs and 35 mins
Ghost Town Living,Brent Underwood,9 hrs
Jackson,Neven Iliev,18 hrs and 1 min
My Effin' Life,Geddy Lee,16 hrs and 20 mins
Dracula [Audible Edition],Bram Stoker,15 hrs and 27 mins
French & Saunders Titting About (Series 4),Dawn French,3 hrs and 10 mins
The Tapestry of a Heart,Erin Zak,8 hrs and 25 mins
Spare,Prince Harry The Duke of Sussex,15 hrs and 39 mins
A Christmas to Remember,Beverly Jenkins,9 hrs and 20 mins
48 Laws of Power,Robert Greene,23 hrs and 6 mins
Iron Gold,Pierce Brown,23 hrs and 23 mins
Days Like Shadows Pass,M S Morris,7 hrs and 51 mins
A Court of Frost and Starlight,Sarah J. Maas,6 hrs and 23 mins
The Sea of Monsters,Rick Riordan,7 hrs and 55 mins
House of Striking Oaths,Olivia Wildenstein,15 hrs and 52 mins
Killing Floor,Lee Child,17 hrs and 47 mins
He Who Fights with Monsters 5,Shirtaloon,20 hrs and 5 mins
Golden Son,Pierce Brown,19 hrs and 3 mins
Mystified in Music City,Kristen Painter,7 hrs and 2 mins
"Prepper, Book 2",Tom Abrahams,7 hrs and 42 mins
Holly,Stephen King,15 hrs and 24 mins
Secrets We Left Behind,Susan Elliot Wright,10 hrs and 29 mins
A Dance with Dragons,George R.R. Martin,48 hrs and 55 mins
The Ballad of Songbirds and Snakes,Suzanne Collins,16 hrs and 16 mins
Project Hail Mary,Andy Weir,16 hrs and 10 mins
Path of Tyrants,J.N. Chaney,11 hrs and 8 mins
The New Menopause,Mary Claire Haver MD,11 hrs
The River's Edge,Joy Ellis,11 hrs and 24 mins
Mind Games,Nora Roberts,14 hrs and 30 mins
Making It So,Patrick Stewart,18 hrs and 50 mins
It Ends with Us,Colleen Hoover,11 hrs and 11 mins
Greenlights,Matthew McConaughey,6 hrs and 42 mins
Same as Ever,Morgan Housel,5 hrs and 46 mins
Argylle,Elly Conway,15 hrs
Dune Messiah,Frank Herbert,8 hrs and 57 mins
C. S. Lewis Essential Audio Library,C. S. Lewis,38 hrs and 50 mins
The Mad Mick Box Set Volume 1,Franklin Horton,26 hrs and 23 mins
Dungeon Diving 102,Bruce Sentar,11 hrs and 16 mins
A Dead Man Walking,JD Kirk,10 hrs and 15 mins
$100M Leads,Alex Hormozi,6 hrs
The Outsider,Stephen King,18 hrs and 41 mins
Lyric of Wind,Tricia O'Malley,6 hrs and 23 mins
Red Rising,Pierce Brown,16 hrs and 12 mins
The Dungeon Anarchist's Cookbook,Matt Dinniman,16 hrs and 54 mins
The Mystery Guest,Nita Prose,8 hrs and 23 mins
Can't Hurt Me,David Goggins,13 hrs and 37 mins
Words of Radiance,Brandon Sanderson,48 hrs and 13 mins
Elon Musk,Walter Isaacson,20 hrs and 27 mins
Demon Copperhead,Barbara Kingsolver,21 hrs and 3 mins
Starter Villain,John Scalzi,8 hrs and 5 mins
Bookshops & Bonedust,Travis Baldree,8 hrs and 1 min
Dark Age,Pierce Brown,33 hrs and 58 mins
Catnip Charms,Danielle Garrett,5 hrs and 3 mins
The Queen's Gambit,Walter Tevis,11 hrs and 50 mins
The Wind Runner,pirateaba,36 hrs and 30 mins
How to Win Friends & Influence People,Dale Carnegie,7 hrs and 15 mins
Golden Son (Part 2 of 2) (Dramatized Adaptation),Pierce Brown,8 hrs and 28 mins
Covet,Tracy Wolff,21 hrs and 39 mins
The Iliad,Homer,20 hrs and 23 mins
Feel-Good Productivity,Ali Abdaal,9 hrs
How to Talk to Anyone,Leil Lowndes,8 hrs and 59 mins
The Unfortunate Side Effects of Heartbreak and Magic,Breanne Randall,12 hrs and 26 mins
The Body Keeps the Score,Bessel A. van der Kolk,16 hrs and 15 mins
Craving in His Blood,Zoey Draven,11 hrs and 37 mins
The Power of Now,Eckhart Tolle,7 hrs and 37 mins
The First Rule of Mastery,Michael Gervais,9 hrs
It,Stephen King,44 hrs and 55 mins
Caught Up,Liz Tomforde,14 hrs and 50 mins
The Altar Girls,Patricia Gibney,13 hrs and 35 mins
Redemption,Meghan March,6 hrs
The Eye of the World,Robert Jordan,29 hrs and 57 mins
Star Wars: Thrawn Ascendancy,Timothy Zahn,15 hrs and 5 mins
Judgment Prey,John Sandford,11 hrs
The Aspects,Ivan Kal,36 hrs and 36 mins
Mother-Daughter Murder Night,Nina Simon,12 hrs and 38 mins
State of Bliss,Marie Force,Not Yet Known
Children of Dune,Frank Herbert,16 hrs and 51 mins
The Dragon Reborn,Robert Jordan,24 hrs and 48 mins
He Who Fights with Monsters 4,Shirtaloon,22 hrs and 20 mins
The Two Towers,J. R. R. Tolkien,16 hrs and 40 mins
Married to a Rich Gangster,Tatum James,5 hrs and 56 mins
Cherish,Tracy Wolff,17 hrs and 25 mins
The Subtle Art of Not Giving a F*ck,Mark Manson,5 hrs and 17 mins
"Solo Leveling, Vol. 8",Chugong,7 hrs and 12 mins
He Who Fights with Monsters 2,Shirtaloon,22 hrs and 1 min
Casting Light,Alice Winters,9 hrs and 26 mins
The Wrong Game,S.M. Anderson,13 hrs and 51 mins
Eldest,Christopher Paolini,23 hrs and 30 mins
The Loyal Wife,Natalie Barelli,7 hrs and 8 mins
Persepolis Rising,James S. A. Corey,20 hrs and 34 mins
12 Rules for Life,Jordan B. Peterson,15 hrs and 40 mins
The Two Towers,J. R. R. Tolkien,20 hrs and 46 mins
Fairy Tale,Stephen King,24 hrs and 6 mins
Big Witch Energy,Molly Harper,9 hrs and 49 mins
Dune,Frank Herbert,21 hrs and 2 mins
Between Love and Loathing,Shain Rose,10 hrs and 29 mins
The Gloom Between Stars,Piper CJ,15 hrs and 15 mins
Funny Story,Emily Henry,11 hrs
Never Lie,Freida McFadden,7 hrs and 21 mins
Things We Never Got Over,Lucy Score,16 hrs and 1 min
Puck Yes,Lauren Blakely,9 hrs and 40 mins
Defiance of the Fall 8,TheFirstDefier,23 hrs and 22 mins
The Worst Ship in the Fleet,Skyler Ramirez,2 hrs and 51 mins
James Earl Jones Reads The Bible: King James Version,Topics Media Group,17 hrs and 15 mins
Enough,Cassidy Hutchinson,11 hrs and 36 mins
Tatum Comes Home,Mica Stone,7 hrs and 13 mins
Think and Grow Rich,Napoleon Hill,9 hrs and 35 mins
The Woman in Me,Britney Spears,5 hrs and 31 mins
Collateral,Brian Andrews,13 hrs and 7 mins
The 7 Habits of Highly Effective People,Stephen R. Covey,13 hrs and 4 mins
True Believer,Jack Carr,15 hrs and 44 mins
Atlas of the Heart,Brené Brown,8 hrs and 29 mins
The Bone Witch,Rin Chupeco,12 hrs and 8 mins
Night Side of the River,Jeanette Winterson,9 hrs and 2 mins
"The Word of Promise Audio Bible—New King James Version, NKJV: Complete Bible",Thomas Nelson Inc.,98 hrs and 1 min
Things We Hide from the Light,Lucy Score,17 hrs and 36 mins
When I'm Dead,Hannah Morrissey,10 hrs and 37 mins
Sylver Seeker,Kennit Kenway,20 hrs and 29 mins
These Thin Lines,Milena McKay,11 hrs and 45 mins
Dom,S.J. Tilly,12 hrs and 25 mins
The Final Empire,Brandon Sanderson,24 hrs and 39 mins
Extreme Ownership,Jocko Willink,9 hrs and 33 mins
Atomic Habits,James Clear,5 hrs and 35 mins
Never Split the Difference,Chris Voss,8 hrs and 7 mins
Tom Clancy Command and Control,Marc Cameron,13 hrs and 14 mins
The Primal Hunter 5,Zogarth,17 hrs and 47 mins
Hopeless,Elsie Silver,11 hrs and 17 mins
God Emperor of Dune,Frank Herbert,15 hrs and 48 mins
Outlander,Diana Gabaldon,32 hrs and 38 mins
The Path of Ascension: Books 1-3.5,C. Mantis,70 hrs and 2 mins
10x Is Easier than 2x,Dan Sullivan,9 hrs and 58 mins
Hábitos atómicos,James Clear,9 hrs and 1 min
The Hero of Ages,Brandon Sanderson,27 hrs and 25 mins
Haunting Adeline,H. D. Carlton,15 hrs and 48 mins
Nightlord: Penumbra,Garon Whited,44 hrs and 6 mins
The Path of Ascension 4,C. Mantis,16 hrs and 57 mins
The Hobbit,J. R. R. Tolkien,11 hrs and 5 mins
A Game of Thrones,George R.R. Martin,33 hrs and 46 mins
What's Left Unsaid,Melissa DeRosa,9 hrs
Lessons in Chemistry,Bonnie Garmus,11 hrs and 55 mins
Leslie F*cking Jones,Leslie Jones,16 hrs and 32 mins
A Vengeful Realm,Tim Facciola,16 hrs and 6 mins
A Single Soul,L.A. Witt,4 hrs and 3 mins
First Strike,Craig Alanson,16 hrs and 37 mins
Zoey Is Too Drunk for This Dystopia,Jason Pargin,15 hrs and 4 mins
Always Legion,Jason Anspach,9 hrs and 53 mins
Exiled Heir,Kai Butler,13 hrs and 15 mins
Freed,E. L. James,27 hrs and 15 mins
Relentless,Mark Greaney,15 hrs and 39 mins
How Not to Age,Michael Greger MD FACLM,27 hrs and 58 mins
"Overlord, Vol. 10",Kugane Maruyama,11 hrs and 7 mins
How to Know a Person,David Brooks,7 hrs and 27 mins
Five Lies of Our Anti-Christian Age,Rosaria Butterfield,11 hrs and 33 mins
The Covenant of Water,Abraham Verghese,31 hrs and 16 mins
A Court of Mist and Fury (Part 1 of 2) (Dramatized Adaptation),Sarah J. Maas,8 hrs and 26 mins
A Court of Silver Flames (Part 1 of 2) (Dramatized Adaptation),Sarah J. Maas,10 hrs
Clive Cussler: The Corsican Shadow,Dirk Cussler,12 hrs and 5 mins
Fae and Fare,pirateaba,61 hrs and 4 mins
Defiance of the Fall 4: A LitRPG Adventure,TheFirstDefier,22 hrs and 47 mins
Avatar: The Last Airbender: The Rise of Kyoshi,F. C. Yee,14 hrs and 30 mins
The Fall of Hyperion,Dan Simmons,21 hrs and 45 mins
Inherited Revenge,James Haddock,8 hrs and 34 mins
Breaking the Habit of Being Yourself,Joe Dispenza,10 hrs and 49 mins
"Change Your Thoughts, Change Your Life",Dr. Wayne W. Dyer,9 hrs and 9 mins
The Pumpkin Spice Café,Laurie Gilmore,7 hrs and 3 mins
The 4-Hour Body,Timothy Ferriss,3 hrs and 51 mins
Fourth Wing,Rebecca Yarros,20 hrs and 43 mins
The Lord of the End Times,Josh Reynolds,16 hrs and 44 mins
Verity,Colleen Hoover,8 hrs and 10 mins
A Kingdom of Flesh and Fire,Jennifer L. Armentrout,24 hrs and 21 mins
Ready Player One,Ernest Cline,15 hrs and 40 mins
Corrupt,Penelope Douglas,14 hrs and 37 mins
The Fiery Cross,Diana Gabaldon,55 hrs and 30 mins
Only the Dead,Jack Carr,15 hrs and 17 mins
Thunderhead,Neal Shusterman,13 hrs and 2 mins
Unfu*k Yourself,Gary John Bishop,3 hrs and 24 mins
Becoming Supernatural,Joe Dispenza,14 hrs and 6 mins
The Tower of Swallows,Andrzej Sapkowski,16 hrs and 25 mins
The Last Devil to Die,Richard Osman,10 hrs and 51 mins
Stranger in the Woods,Anni Taylor,13 hrs and 57 mins
Tough Crowd,Graham Linehan,7 hrs and 46 mins
The Rise and Fall of the Third Reich,William L. Shirer,57 hrs and 11 mins
He Who Fights with Monsters 7,Shirtaloon,18 hrs and 39 mins
The Dark Tower,Stephen King,28 hrs and 50 mins
The Butcher's Masquerade,Matt Dinniman,23 hrs and 33 mins
Hello Beautiful,Ann Napolitano,15 hrs and 6 mins
Hidden Potential,Adam Grant,7 hrs and 21 mins
Sherlock Holmes and Count Dracula,Christian Klaver,12 hrs and 3 mins
The Hunger Games: Special Edition,Suzanne Collins,10 hrs and 35 mins
The Penthouse Affair,Kendall Ryan,9 hrs and 4 mins
Rich Dad Poor Dad: 20th Anniversary Edition,Robert T. Kiyosaki,8 hrs and 22 mins
A Feast for Crows,George R.R. Martin,33 hrs and 51 mins
Under Saturn's Shadow,James Hollis,5 hrs and 31 mins
Beware of Chicken 3: A Xianxia Cultivation Novel,Casualfarmer,23 hrs and 2 mins
The Girls in the Falls,Elle Gray,7 hrs and 10 mins
Rebel Obsession,Elle Thorpe,10 hrs and 28 mins
Voyager,Diana Gabaldon,43 hrs and 46 mins
The Return of the King,J. R. R. Tolkien,18 hrs and 19 mins
"Raising Kids with Big, Baffling Behaviors",Robyn Gobbel,10 hrs
Break Me,K. A. Tucker,8 hrs and 11 mins
"Listener's Audio Bible—New International Version, NIV: Complete Bible",Max McLean,75 hrs and 14 mins
The Love Galore Mixtape,Alexandria House,37 mins
Throne of Glass,Sarah J. Maas,13 hrs and 3 mins
The Gathering Storm,Robert Jordan,32 hrs and 58 mins
Lady Jayne Disappears,Joanna Davidson Politano,10 hrs and 51 mins
Ready Player Two,Ernest Cline,13 hrs and 46 mins
Third Eye,Felicia Day,6 hrs and 56 mins
Raiden,Jaclyn Osborn,10 hrs and 38 mins
The Primal Hunter 2,Zogarth,19 hrs and 25 mins
Cozy Witch Mysteries: Special Edition Box Set of 8 Books,Angela Pepper,77 hrs
The Tibetan Book of the Dead,Lobsang Tenzin Dorje,3 hrs and 39 mins
Begrudgingly Engaged,Kelly Nelson,8 hrs and 28 mins
A Newlywed's Guide to Fortune and Murder,Dianne Freeman,8 hrs and 33 mins
I'm Your Guy,Sarina Bowen,9 hrs and 55 mins
The Bridge Kingdom,Danielle L. Jensen,11 hrs and 52 mins
An Echo in the Bone,Diana Gabaldon,45 hrs and 59 mins
Magical Midlife Battle,K.F. Breene,12 hrs and 43 mins
Tom Lake,Ann Patchett,11 hrs and 22 mins
Todo vuelve [Everything Comes Back],Juan Gómez-Jurado,12 hrs and 3 mins
Pride & Prejudice and Planets,Renata McMann,20 hrs and 38 mins
The Return of the King,J. R. R. Tolkien,21 hrs and 52 mins
Tom Clancy Act of Defiance,Brian Andrews,13 hrs
Carl's Doomsday Scenario,Matt Dinniman,11 hrs and 28 mins
Killing the Witches,Bill O'Reilly,9 hrs and 3 mins
Love at First Psych,Cara Bastone,4 hrs and 35 mins
For the Fans,Nyla K,22 hrs and 39 mins
Holding,Alexandria House,6 hrs and 11 mins
Don't Forget Me Tomorrow,A.L. Jackson,11 hrs and 14 mins
The Hobbit,J. R. R. Tolkien,10 hrs and 25 mins
The Hundred Years' War on Palestine,Rashid Khalidi,10 hrs and 30 mins
Defiance of the Fall 9,TheFirstDefier,22 hrs and 34 mins
A Court of Wings and Ruin (1 of 3) [Dramatized Adaptation],Sarah J. Maas,6 hrs and 11 mins
He Who Fights with Monsters 6,Shirtaloon,15 hrs and 49 mins
Smarter Not Harder,Dave Asprey,8 hrs and 31 mins
Starling House,Alix E. Harrow,12 hrs and 26 mins
The Nightingale,Kristin Hannah,17 hrs and 19 mins
The Eye of the World,Robert Jordan,32 hrs and 55 mins
Defiance of the Fall 7,TheFirstDefier,23 hrs and 3 mins
The Psychology of Money,Morgan Housel,5 hrs and 48 mins
Faking It with the Forward,Angel Lawson,10 hrs and 41 mins
Defiance of the Fall 6,TheFirstDefier,23 hrs and 1 min
Happy-Go-Lucky,David Sedaris,7 hrs and 30 mins
Ain't Nothin' Personal,Chris Kelsey,9 hrs and 9 mins
Waybound,Will Wight,16 hrs and 13 mins
Knot so Lucky,Trilina Pucci,7 hrs and 18 mins
Esrahaddon,Michael J. Sullivan,29 hrs and 32 mins
Lone Wolf,Gregg Hurwitz,12 hrs and 30 mins
One Last Rainy Day: The Legacy of a Prince,Kate Stewart,11 hrs and 31 mins
By the Grace of the Gods: Volume 5,Roy,6 hrs and 44 mins
Written in My Own Heart's Blood,Diana Gabaldon,45 hrs
None of This Is True,Lisa Jewell,10 hrs and 20 mins
A Breath of Snow and Ashes,Diana Gabaldon,57 hrs and 48 mins
Thicker than Water,Kerry Washington,8 hrs and 59 mins
Sons of Valor III: War Machine,Brian Andrews,11 hrs
"Tomorrow, and Tomorrow, and Tomorrow",Gabrielle Zevin,13 hrs and 52 mins
The Ultimate Pregnancy Survival Guide for First-Time Dads,Patrick Nguyen,3 hrs and 52 mins
Once Upon Nantucket: Encore Edition,Irene Hannon,5 hrs and 52 mins
Deception,Rand Paul,13 hrs and 45 mins
The Legend of Randidly Ghosthound 5,Noret Flood,29 hrs and 58 mins
The History of Psychedelics,Erika Dyck,2 hrs and 54 mins
Is God Real?,Lee Strobel,6 hrs and 39 mins
Shadow of Night,Deborah Harkness,24 hrs and 25 mins
The Housemaid,Freida McFadden,9 hrs and 46 mins
Rich Dad's Cashflow Quadrant,Robert T. Kiyosaki,8 hrs and 48 mins
Lonesome Dove,Larry McMurtry,36 hrs and 47 mins
Dark Encounters of the Fated Kind,I. T. Lucas,8 hrs and 41 mins
Clanlands in New Zealand,Sam Heughan,8 hrs and 48 mins
The Sandman: Act II,Neil Gaiman,13 hrs and 47 mins
A Court of Thorns and Roses (Part 2 of 2) (Dramatized Adaptation),Sarah J. Maas,5 hrs and 51 mins
The Things We Cannot Say,Kelly Rimmer,13 hrs and 47 mins
A Little Hatred,Joe Abercrombie,20 hrs and 20 mins
Star Wars: Thrawn Ascendancy (Book II: Greater Good),Timothy Zahn,16 hrs and 17 mins
The Seven Husbands of Evelyn Hugo,Taylor Jenkins Reid,12 hrs and 10 mins
Hunting Adeline,H. D. Carlton,17 hrs and 24 mins
Inheritance,Christopher Paolini,31 hrs and 17 mins
A Touch of Ruin,Scarlett St. Clair,12 hrs and 32 mins
The Lightning Thief,Rick Riordan,10 hrs and 2 mins
Forbidden Shifters Complete Series (Books 1-6),Selena Scott,54 hrs and 5 mins
I'm Glad My Mom Died,Jennette McCurdy,6 hrs and 26 mins
The Crown of Gilded Bones,Jennifer L. Armentrout,25 hrs and 22 mins
Hunger: The Complete Trilogy,Jeremy Robinson,25 hrs and 6 mins
Fifty Shades Darker,E. L. James,19 hrs and 49 mins
The Dragon's Blade Trilogy,Michael R. Miller,45 hrs and 58 mins
A Light in the Flame,Jennifer L. Armentrout,26 hrs and 27 mins
The One Love Collection,Lauren Blakely,26 hrs and 6 mins
The Toll,Neal Shusterman,15 hrs and 22 mins
The Housemaid's Secret,Freida McFadden,9 hrs and 44 mins
A Court of Mist and Fury (Part 2 of 2) (Dramatized Adaptation),Sarah J. Maas,8 hrs and 23 mins
All These Worlds,Dennis E. Taylor,7 hrs and 56 mins
For We Are Many,Dennis E. Taylor,8 hrs and 59 mins
From a Certain Point of View: Return of the Jedi (Star Wars),Olivie Blake,19 hrs and 36 mins
Black Friend,Ziwe,4 hrs and 15 mins
To Kill a Mockingbird,Harper Lee,12 hrs and 17 mins
The Creative Act,Rick Rubin,5 hrs and 45 mins
Watch Your Mouth,Kandi Steiner,10 hrs and 35 mins
The Witching Hour,Anne Rice,50 hrs and 1 min
ISO: In Search Of,Lucy Lennox,9 hrs and 29 mins
Behind the Net,Stephanie Archer,11 hrs and 38 mins
DEAD: Snapshot,TW Brown,6 hrs and 59 mins
Hercule Poirot: The Complete Short Stories,Agatha Christie,35 hrs and 5 mins
How to Win Friends and Influence People,Dale Carnegie,8 hrs and 18 mins
Democracy Awakening,Heather Cox Richardson,8 hrs and 28 mins
Maybe Someday,Colleen Hoover,10 hrs and 40 mins
Charm,Tracy Wolff,18 hrs and 45 mins
Synchronicity,Aeon Karris,5 hrs and 43 mins
Crush,Tracy Wolff,18 hrs and 8 mins
He Who Fights with Monsters 3,Shirtaloon,24 hrs and 39 mins
Overcoming Imposter Syndrome,Kelly Vincent,2 hrs and 10 mins
Fast Like a Girl,Dr. Mindy Pelz,8 hrs and 13 mins
The Last Olympian,Rick Riordan,11 hrs
The Four Agreements,don Miguel Ruiz,2 hrs and 31 mins
Building a Non-Anxious Life,Dr. John Delony,6 hrs and 9 mins
"Star Wars: The Thrawn Trilogy, Book 3: The Last Command",Timothy Zahn,15 hrs and 47 mins
The Josiah Manifesto,Jonathan Cahn,8 hrs and 47 mins
